personId,maxDate,limit
37383395347639,2011-12-06T03:09:05.510000+00:00,20
2199023265692,2010-11-29T18:05:40.493000+00:00,20
6597069776268,2010-10-22T10:59:39.008000+00:00,20
24189255811793,2012-04-19T03:19:58.845000+00:00,20
4398046511744,2012-01-17T02:34:15.589000+00:00,20
35184372089060,2011-12-09T16:36:09.193000+00:00,20
4398046521089,2011-04-05T00:44:55.993000+00:00,20
21990232564536,2010-04-22T05:10:37.161000+00:00,20
35184372098850,2012-03-29T12:46:21.738000+00:00,20
35184372095441,2012-08-16T17:52:49.405000+00:00,20
