personId,firstName
30786325579807,Charles
28587302324197,Benedict
15393162798660,Baoping
17592186049020,Don
15393162791622,Salou
6597069775369,Aaron
17592186051913,Ammar
19791209301598,Francis
35184372097347,Nelson
26388279075990,Diana
6597069774507,Eden
19791209307548,Bertrand
35184372089763,Curtis
35184372089680,Alois
17592186046312,Cecilio
24189255814976,Enhua
15393162792555,Adem
15393162791432,Dominique
26388279067483,Alvaro
35184372092071,Aitzaz
21990232561951,Indira
19791209302082,Dawei
17592186051959,Bekim
13194139537863,Tom
13194139537579,Chand
26388279071554,Javad
17592186045761,Chengdong
32985348841838,Matias
28587302331233,Deep
6597069774821,Norodom
4398046521068,Khalid
10995116281040,Cedric
24189255814693,Achala
8796093022717,Barry
24189255818148,Pao
2199023258230,Kalu
35184372097498,Benedict
6444,Annemarie
24189255817033,Maurice
2199023259320,Dennis
8796093027113,Nitin
13194139535066,Batong
15393162793338,Katarina
30786325581667,Amin
30786325584264,Marek
28587302327189,Zecharia
30786325587942,Jacques Van Mau
35184372099207,Teresa
19791209305634,Apantree
6597069768899,Yassine
37383395349000,Henry
4398046514865,Camilo
2199023256486,Nelson
8796093023140,Dayang
2199023257984,Alice
10995116280807,Ion
4398046516046,Salma
6597069769057,Francesco
24189255813383,Edmund
26388279072874,Jesse
19791209307886,Amber
6597069767077,Wilson
10995116278557,Cesar
28587302326617,Louisa
8796093032407,Valdas
37383395345972,Aden
30786325587579,Peter
35184372093052,Juan
6597069776359,Bing
2199023260976,Addy
35184372090148,Ashin
26388279075069,Babar
24189255819023,Viram
13194139538197,Mahama Johnson
2199023261520,Alfred
2835,Salma
24189255820571,Dominique
28587302323229,Charyl
4398046521516,JÃ¡nos
4724,Zygmunt
2199023262528,Aleksei
15393162789846,Angelo
10995116283343,Israel
2199023259153,Cathy
30786325583613,Abdoulaye Khouma
28587302325015,Dennis
26388279071152,Jozef
13194139536631,Cathy
24189255812497,Gamini
21990232566020,Kemal
32985348838860,Pietro
13194139540185,Annemarie
15393162794955,Georgios
8796093031084,Marek
37383395351807,Celia
4398046519624,Cristian
32985348839844,Huynh Quang
26388279073115,Arthur
9000,Javed
30786325582952,Abdelaziz
